{
"VPN_INFO":
{
"VpnEnable":"1",
"PptpCfg":
{
"ConnName":"pptn",
"LocUaerName":"vpnuser",
"LocPassword":"abc123",
"RemUserName":"pptpd",
"RemPassword":"pptpd",
"ReqMemoryMap":"1"
},
"IpSecCfg":
{
"KeyLifeTime":"2",
"AggrMode":"0",
"NatTrav":"0",
"Pfs":"1",
"TunnelName":"RTU100021",
"PreSharedKey":"softel123",
"RightIp":"122.166.196.34",
"RightSubnet":"192.168.101.0",
"RightId":"mguard@cmsgp.com",
"Left":"122.166.196.34",
"LeftSubnet":"192.168.0.1",
"LeftId":"RTU100021@cmsgp.com",
"LeftSrcIp":"122.166.196.34",
"KeyingMode":"ikev1"
},
"PhaseCfg":
{
"Phase1DhGrp":"2",
"Phase2DhGrp":"2",
"Phase1Encrpt":"5",
"Phase2Encrpt":"5",
"Phase1Authen":"10",
"Phase2Authen":"10"
}
}
}
