{
"DCU_POLL_INFO":
{"INST_POLL_INFO":
{"Enable":"1",
"PollType":"1",
"Periodicity":"10",
"PollSec":"10",
"PollMint":"0",
"PollHr":"0"
},
"DP_POLL_INFO":
{"Enable":"1",
"PollType":"1",
"Periodicity":"10",
"PollSec":"10",
"PollMint":"0",
"PollHr":"0"
},
"BILL_POLL_INFO":
{"Enable":"1",
"PollType":"1",
"Periodicity":"10",
"PollSec":"10",
"PollMint":"0",
"PollHr":"0"
},
"EVENT_POLL_INFO":
{"Enable":"1",
"PollType":"1",
"Periodicity":"10",
"PollSec":"10",
"PollMint":"0",
"PollHr":"0"
},
"LS_POLL_INFO":
{"Enable":"1",
"PollType":"1",
"Periodicity":"10",
"PollSec":"10",
"PollMint":"0",
"PollHr":"0"
}
}
}